ID;iata;icao;airportDescription;location;country
10439610-bd8c-4b54-ab5d-2579faf413af;AJU;SBAR;Santa Maria Airport;Aracaju;Brazil
2a2630d8-06d7-4218-b458-6c16eca9ac7c;BEL;SBBE;Val de C;Belem;Brazil
e3de7dc9-3b1f-4ce7-8d24-3da0b51be826;BPS;SBPS;Porto Seguro Airport;Porto Seguro;Brazil
ca043457-c413-4815-b8a0-67033c66a3a4;BSB;SBBR;Presidente Juscelino Kubitschek Intl Airport;Brasilia;Brazil
430de34a-4ee1-4266-8b3a-f3d11d6dbcfe;BVB;SBBV;Boa Vista Intl Airport;Boa Vista;Brazil
732e07ba-7cc5-4d88-abae-c316f763f2a4;CGB;SBCY;Marechal Rondon Airport;Cuiaba;Brazil
d246c813-448d-4f3d-8ff8-c921f1f56110;CGH;SBSP;Congonhas Intl Airport;Sao Paulo;Brazil
490ef13f-9ca3-43a7-8b21-66409cda23cc;CGR;SBCG;Campo Grande Intl Airport;Campo Grande;Brazil
ce2d591a-939f-4e94-aad2-0b2d01f2476a;CMG;SBCR;Corumb;Corumba;Brazil
02ba9fde-e3b5-456a-b7fd-0b32c75d13a8;CNF;SBCF;Tancredo Neves Intl Airport;Belo Horizonte;Brazil
c1179f1f-cd25-40cd-b7ac-fee75067c57f;CWB;SBCT;Afonso Pena Intl Airport;Curitiba;Brazil
d172d754-a5a2-4dbe-83b7-aafca5418083;CZS;SBCZ;Cruzeiro do Sul Intl Airport;Cruzeiro do Sul;Brazil
564d0bee-ef22-43f8-936a-37b480568858;FLN;SBFL;Herc;Florianopolis;Brazil
bd8afc20-4e84-4277-bf69-0f229052fa58;FOR;SBFZ;Pinto Martins Intl Airport;Fortaleza;Brazil
6c8ab9b0-2332-4cca-98c7-c44a5d36aa54;GIG;SBGL;Galeao - Antonio Carlos Jobim Intl Airport;Rio de Janeiro;Brazil
996750f3-9ae0-434f-8d2c-40823afcc934;GRU;SBGR;Guarulhos Intl Airport;Sao Paulo;Brazil
3e1e8a57-1d65-491b-9374-c6e312afbfe9;GYN;SBGO;Santa Genoveva Airport;Goiania;Brazil
3a6f7621-f4ea-4229-a9cc-2729d3c90dd8;IGU;SBFI;Foz do Iguacu Intl Airport;Foz do Iguacu;Brazil
1fbbf1b3-166f-44ca-b60d-e24f897acd40;IMP;SBIZ;Prefeito Renato Moreira Airport;Imperatriz;Brazil
9ef2bf07-6bef-4e1d-b1d9-a988dac5e478;IOS;SBIL;Jorge Amado Airport;Ilheus;Brazil
f83d1573-77fb-4bb0-a3e2-cc69b506ddb7;JOI;SBJV;Joinville-Lauro Carneiro de Loyola Airport;Joinville;Brazil
9f2db9d2-3505-44be-9ee5-6e2c2b0000f1;JPA;SBJP;Presidente Castro Pinto Intl Airport;Joao Pessoa;Brazil
f3b80035-ba7e-4571-85a4-7a5d7388a467;LDB;SBLO;Londrina Airport;Londrina;Brazil
392f6ac8-ced2-4ace-a5a3-5eb24ed653bb;MAB;SBMA;Maraba Airport;Maraba;Brazil
a70e60a6-b135-408b-9a97-ec1ff226f453;MAO;SBEG;Eduardo Gomes Intl Airport;Manaus;Brazil
755781a8-8daa-49eb-9069-edbc5d663a08;MCP;SBMQ;Macapa Intl Airport;Macapa;Brazil
04ae8a08-f17a-484a-9829-db658b11bee3;MCZ;SBMO;Zumbi dos Palmares Airport;Maceio;Brazil
8af1790b-5304-47a8-9e5e-9f6a4ab7bd45;MGF;SBMG;Maringa Domestic Airport;Maringa;Brazil
b33bb909-cfd6-44c5-9d89-f9af3776883d;NAT;SBNT;Augusto Severo Intl Airport;Natal;Brazil
78cc348c-6be5-49ed-a00d-0810091c3907;NVT;SBNF;Ministro Victor Konder Intl Airport;Navegantes;Brazil
c54addcc-8926-4dab-939d-3ea78a0f66fc;PLU;SBBH;Pampulha Domestic Airport;Belo Horizonte;Brazil
01879e25-b5f7-435c-ace6-25296f04b843;PMG;SBPP;Ponta Pora Intl Airport;Ponta Pora;Brazil
002e0aac-f1b8-43c4-9eab-b8e60d4850ef;PMW;SBPJ;Palmas Airport;Palmas;Brazil
6b12a3be-231f-4dd2-beda-12448b3857a8;POA;SBPA;Salgado Filho Intl Airport;Porto Alegre;Brazil
5f422d66-ff6d-45b1-94a4-941a021475dc;PVH;SBPV;Governador Jorge Teixeira de Oliveira Intl Airport;Porto Velho;Brazil
6a024a4a-cf25-4f52-be20-aafe1db398a3;RAO;SBRP;Leite Lopes Airport;Ribeirao Preto;Brazil
08f5ee54-68da-477c-a39a-eb25bf4558e0;RBR;SBRB;Presidente Medici Airport;Rio Branco;Brazil
9da4ae24-1874-417c-a274-cad9b5c6a9af;REC;SBRF;Guararapes Intl Airport;Recife;Brazil
d33859fa-7dd7-4fe2-8807-8eee139d4934;SDU;SBRJ;Santos Dumont Regional Airport;Rio de Janeiro;Brazil
2da6b43d-efda-4442-ab8c-908923176ee9;SJP;SBSR;Sao Jose do Rio Preto Airport;Sao Jose do Rio Preto;Brazil
0aa6b548-2213-4212-b495-68da7e49fead;SLZ;SBSL;Marechal Cunha Machado Intl Airport;Sao Luis;Brazil
3be23ae3-d980-429e-8104-860ec82cda1d;SSA;SBSV;Deputado Luis Eduardo Magalhaes Intl Airport;Salvador;Brazil
cc0d32b6-bd75-48bc-a49e-f4e8d0aee5b8;STM;SBSN;Santarem Airport;Santarem;Brazil
a8091122-92d9-4990-a76b-2e699f308a31;THE;SBTE;Senador Petronio Portella Airport;Teresina;Brazil
3e743d25-e6a5-4145-813d-5db550d83bca;UDI;SBUL;Uberlandia Airport;Uberlandia;Brazil
24593ffd-8053-41a7-bffd-7c34fce07848;VCP;SBKP;Viracopos Intl Airport;Campinas;Brazil
8553058b-c3ba-4aea-9c00-c5ca31816a97;VIX;SBVT;Goiabeiras Airport;Vitoria;Brazil
4b397c85-d1a7-4ee6-be5c-2f9010188992;EIS;TUPJ;Beef I Intl;Beef I;British Virgin Islands
d44d56ca-bc3c-4a67-92f0-aa80b7d13274;VIJ;TUPW;Virgin Gorda;Virgin Gorda;British Virgin Islands
749f379a-b3a1-426f-ab4a-77793507b178;BWN;WBSB;Brunei Intl Airport;Bandar Seri Begawan;Brunei Darussalam
a096f9b3-1037-4f45-8120-e94648196378;BOJ;LBBG;Burgas Intl Airport (Sarafovo Airport);Burgas;Bulgaria
ab7beecf-332d-4435-b2b7-0878133bf682;GOZ;LBGO;Gorna Oryahovitsa Airport;Gorna Oryahovitsa;Bulgaria
5119ddb4-f98b-4510-b175-f1a2899dfbd2;PDV;LBPD;Plovdiv Intl Airport;Plovdiv;Bulgaria
57505bea-94d9-4245-bf05-031c5c4cb8fc;SOF;LBSF;Sofia Airport;Sofia;Bulgaria
4b1fb8be-c06c-4027-8ee4-150e13a69b88;VAR;LBWN;Varna Intl Airport;Varna;Bulgaria
e5716149-1858-4d93-8111-457d0db3e7a1;ABE;KABE;Lehigh Valley Intl Airport;Allentown, Pennsylvania;USA
d405b469-881b-4f0e-9b3b-07e8b0997b69;ABI;KABI;Abilene Regional Airport;Abilene, Texas;USA
0fc0df19-feb4-46f9-b4d7-fead739a131e;ABQ;KABQ;Albuquerque Intl Sunport;Albuquerque, New Mexico;USA
e6d0f2e3-2c3f-454c-8452-13ec29af2b0e;ABR;KABR;Aberdeen Regional Airport;Aberdeen, South Dakota;USA
aa65e65c-4b33-47bc-afae-2b77070516ac;ABY;KABY;Southwest Georgia Regional Airport;Albany, Georgia;USA
4f31cdec-e5ba-4f7d-9420-138502e16eb2;ACK;KACK;Nantucket Memorial Airport;Nantucket, Massachusetts;USA
bb613c2a-d3dd-4f56-94b1-4145fbbe45b7;ACT;KACT;Waco Regional Airport;Waco, Texas;USA
6d01dfbe-838f-426d-99d5-8630da8d7192;ACV;KACV;Arcata Airport;Arcata/Eureka, California;USA
4ca44a48-b9f3-4771-a4fe-52ec8e544638;ACY;KACY;Atlantic City Intl Airport;Atlantic City, New Jersey;USA
d232f5ce-a43a-45be-a50e-4e397afeb995;ADQ;PADQ;Kodiak Airport;Kodiak, Alaska;USA
b909d685-f9be-41d6-8acd-a32097ca4270;AEX;KAEX;Alexandria Intl Airport;Alexandria, Louisiana;USA
10d59eb5-69d7-4500-ab7a-163e03127b54;AGS;KAGS;Augusta Regional Airport at Bush Field;Augusta, Georgia;USA
6ee5c09e-407b-4df1-bf9b-5baf95e61aac;AHN;KAHN;Athens-Ben Epps Airport;Athens, Georgia;USA
f5ecb736-64a3-4604-b56b-961b35a9c2a5;AKN;PAKN;King Salmon Airport;King Salmon, Alaska;USA
be9e4924-7733-4c65-8e6a-f67aa4c47852;ALB;KALB;Albany Intl Airport;Albany, New York;USA
b18e446a-dce2-40dd-9667-262a23dc936c;ALO;KALO;Waterloo Regional Airport;Waterloo, Iowa;USA
fe114fe1-86f5-4594-a942-99564ab39c4f;ALW;KALW;Walla Walla Regional Airport;Walla Walla, Washington;USA
e1566558-b827-410f-b58b-257a74e563e4;AMA;KAMA;Rick Husband Amarillo Intl Airport;Amarillo, Texas;USA
4c31b3db-b717-49ea-bf13-9f5755021653;ANC;PANC;Ted Stevens Anchorage Intl Airport;Anchorage, Alaska;USA
c5c5323c-f21c-473a-b05e-c8c3f9c323e2;ANI;PANI;Aniak Airport;Aniak, Alaska;USA
f6ec38f3-2278-4b19-814b-4c69b94f6b23;AOO;KAOO;Altoona-Blair County Airport;Altoona, Pennsylvania;USA
ec82a30e-95bf-4591-9bc9-1ed43d5140f1;APF;KAPF;Naples Municipal Airport;Naples, Florida;USA
7269ea18-af59-4639-8179-a94b9507580a;APN;KAPN;Alpena County Regional Airport;Alpena, Michigan;USA
85ff5062-42db-4279-ae10-9b2f29593b40;ASE;KASE;Aspen-Pitkin County Airport (Sardy Field);Aspen, Colorado;USA
2084ea94-f983-4c7f-8233-3b94f29e0dd6;ATL;KATL;Hartsfield-Jackson Atlanta Intl Airport;Atlanta, Georgia;USA
ecd31ba9-0d9e-4afe-a220-7cb885af5615;ATW;KATW;Outagamie County Regional Airport;Appleton, Wisconsin;USA
db96385e-1a2a-45d2-b776-db3021c193ba;AUS;KAUS;Austin-Bergstrom Intl Airport;Austin, Texas;USA
45c380b1-835a-4aa8-ae09-9f8e3ec91491;AVL;KAVL;Asheville Regional Airport;Asheville, North Carolina;USA
0750072e-0473-4827-a8e9-af21f68f0982;AVP;KAVP;Wilkes-Barre/Scranton Intl Airport;Wilkes-Barre, Pennsylvania;USA
ac74aa65-68e6-4309-8461-fcd5e1c772df;AZO;KAZO;Kalamazoo/Battle Creek Intl Airport;Kalamazoo, Michigan;USA
f1fd2d51-32a4-4682-9c84-21a0b372a757;BDL;KBDL;Bradley Intl Airport;Windsor Locks, Connecticut;USA
49fcd969-e77f-4e63-8109-7461418009c4;BED;KBED;Laurence G. Hanscom Field / Hanscom AFB;Bedford, Massachusetts;USA
b8aaad52-6af4-4dd5-8601-d01b82e39181;BET;PABE;Bethel Airport;Bethel, Alaska;USA
a192441f-051c-4d81-8d9f-51f738fa46a8;BFI;KBFI;King County Intl Airport (Boeing Field);Seattle, Washington;USA
d647e246-75e7-4a39-9224-a76d96aa4d74;BFL;KBFL;Meadows Field Airport;Bakersfield, California;USA
1e3201b7-896f-4397-ba58-2b1871fdb78b;BGM;KBGM;Greater Binghamton Airport (Edwin A. Link Field);Binghamton, New York;USA
0a4087c2-6cfc-4c5e-8cf0-cb125736bf42;BGR;KBGR;Bangor Intl Airport;Bangor, Maine;USA
74930c63-4001-4d44-ab82-ae8224413262;BHB;KBHB;Hancock County-Bar Harbor Airport;Bar Harbor, Maine;USA
f205b4fd-dec8-4ed7-9b86-a474a9b0e3e9;BHM;KBHM;Birmingham Intl Airport;Birmingham, Alabama;USA
1202b6d9-5dc8-42bc-a78a-e0224faba519;BIL;KBIL;Billings Logan Intl Airport;Billings, Montana;USA
b9f22a17-5374-4d98-9ede-4a16a00481d3;BIS;KBIS;Bismarck Municipal Airport;Bismarck, North Dakota;USA
f013c0a2-ac5d-4524-b748-7e608cd68c38;BJI;KBJI;Bemidji Regional Airport;Bemidji, Minnesota;USA
5e7b8826-ee92-4536-8daf-ccf86b19513a;BLI;KBLI;Bellingham Intl Airport;Bellingham, Washington;USA
e2f059bc-c264-4dc2-a5a4-754574a2d77b;BMI;KBMI;Central Illinois Regional Airport;Bloomington, Illinois;USA
5b7b099e-ae29-4ba6-9068-ca14c6f7527f;BNA;KBNA;Nashville Intl Airport (Berry Field);Nashville, Tennessee;USA
ebbe86b7-869b-437a-9c8b-8fc883e6940d;BOI;KBOI;Boise Air Terminal (Gowen Field);Boise, Idaho;USA
4c53820e-246f-495d-a06d-439a4457d932;BOS;KBOS;Gen. Edward Lawrence Logan Intl Airport;Boston, Massachusetts;USA
aca0defb-bba9-4543-8dc4-11ba4af8122b;BPT;KBPT;Southeast Texas Regional Airport;Beaumont, Texas;USA
19506fd2-43d3-4f57-9458-4707069c20c2;BQK;KBQK;Brunswick Golden Isles Airport;Brunswick, Georgia;USA
4bbed98f-ba91-48ba-9300-3204c64817b9;BRD;KBRD;Brainerd Lakes Regional Airport;Brainerd, Minnesota;USA
a8c12463-352f-4d25-9bd3-4e9cef043f37;BRO;KBRO;Brownsville/South Padre Island Intl Airport;Brownsville, Texas;USA
933c039d-8a8e-4608-826e-4d6fe5b75cd6;BRW;PABR;Wiley Post-Will Rogers Memorial Airport;Barrow, Alaska;USA
cf011bca-f186-4e14-873d-0d3d8a611565;BTM;KBTM;Bert Mooney Airport;Butte, Montana;USA
7411ae60-d1ce-46f1-a471-211ac74edcc8;BTR;KBTR;Baton Rouge Metropolitan Airport (Ryan Field);Baton Rouge, Louisiana;USA
0f57ab01-5a2f-4cc7-8d79-0be1890ad62d;BTV;KBTV;Burlington Intl Airport;Burlington, Vermont;USA
987bfedf-bd62-4e97-bdcd-27136632f15e;BUF;KBUF;Buffalo Niagara Intl Airport;Buffalo, New York;USA
6d39ae04-6e1f-4c39-bcf1-c5a0d284aa38;BUR;KBUR;Bob Hope Airport;Burbank, California;USA
682b5c17-475b-42dc-922f-d9a4b9930d62;BWI;KBWI;Baltimore-Washington Intl Thurgood Marshall Airport;Baltimore, Maryland;USA
480bd46c-5a7c-4c35-b0a4-cb2255f3e7c2;BZN;KBZN;Gallatin Field Airport;Bozeman, Montana;USA
427cce1b-baab-49d0-95cb-110d919701db;CAE;KCAE;Columbia Metropolitan Airport;Columbia, South Carolina;USA
c4ae61f6-4882-4fbb-b873-d6a7e2cc3b26;CAK;KCAK;Akron-Canton Regional Airport;Akron, Ohio;USA
bc9f2ac0-43d8-45b3-ae80-eff747cf304a;CDC;KCDC;Cedar City Regional Airport;Cedar City, Utah;USA
3e26168b-09de-433b-a2b5-0ea7d1348e6f;CDV;PACV;Merle K. Mudhole Smith Airport;Cordova, Alaska;USA
9b5d7c60-8b52-41db-b47c-b9eedf1a9028;CEC;KCEC;Jack McNamara Field Airport;Crescent City, California;USA
07af98cd-3d6b-492c-ab98-4525275428a1;CHA;KCHA;Chattanooga Metropolitan Airport (Lovell Field);Chattanooga, Tennessee;USA
8dfced5b-d6c1-4b19-9ea7-b7f3e110d31c;CHO;KCHO;Charlottesville-Albemarle Airport;Charlottesville, Virginia;USA
aa129cb6-4436-4c1a-a7ae-e6b9e48634ea;CHS;KCHS;Charleston Intl Airport (Civil/Mil.);Charleston, South Carolina;USA
f9dafeff-0dc9-4b70-8e2f-4fccb8426d9c;CIC;KCIC;Chico Municipal Airport;Chico, California;USA
49d78ab1-75e9-4f1d-915f-c06b897abb02;CID;KCID;The Eastern Iowa Airport;Cedar Rapids, Iowa;USA
e65fe7a0-4b1c-4372-8e08-db8cf986fedb;CIU;KCIU;Chippewa County Intl Airport;Sault Ste. Marie, Michigan;USA
69c822c8-050c-45d7-b08e-85b4c2c40a67;CKB;KCKB;Harrison/Marion Regional Airport;Clarksburg, West Virginia;USA
1ba2cf99-9715-4bf8-8244-0194864203cb;CLE;KCLE;Cleveland-Hopkins Intl Airport;Cleveland, Ohio;USA
36ad9a19-5f8d-44e4-9f51-afd61fee4e95;CLL;KCLL;Easterwood Airport;College Station, Texas;USA
47130fcd-a914-48b9-9a39-beb9fc0ba3fd;CLM;KCLM;William R. Fairchild Intl Airport;Port Angeles, Washington;USA
530653e7-db33-4377-adea-1e44fe71eb50;CLT;KCLT;Charlotte/Douglas Intl Airport;Charlotte, North Carolina;USA
f1af060a-7318-4460-bc55-4b300a98f841;CMH;KCMH;Port Columbus Intl Airport;Columbus, Ohio;USA
f1c478b8-8122-47c4-9d53-8ef48b04f007;CMI;KCMI;University of Illinois - Willard Airport;Champaign / Urbana, Illinois;USA
6f2d8a24-e50a-4e9d-944b-d063a4cd4f69;CMX;KCMX;Houghton County Memorial Airport;Hancock, Michigan;USA
ede76ed3-a9df-4a76-a7fc-258060f2b989;COD;KCOD;Yellowstone Regional Airport;Cody, Wyoming;USA
379546ea-5ba3-459b-8c5f-5b6577bd2e9f;COS;KCOS;City of Colorado Springs Municipal Airport;Colorado Springs, Colorado;USA
7965c105-593f-4405-94ec-328307d61662;COU;KCOU;Columbia Regional Airport;Columbia, Missouri;USA
7ddfd838-5bbb-4ad2-b3fb-e123384e509d;CPR;KCPR;Natrona County Intl Airport;Casper, Wyoming;USA
87dc45f7-f0b4-49a8-862d-7da8e3145797;CRP;KCRP;Corpus Christi Intl Airport;Corpus Christi, Texas;USA
941c3bf9-789f-4118-ac5f-1f4451673b6d;CRQ;KCRQ;McClellan-Palomar Airport;Carlsbad, California;USA
9fbfd03e-fa39-4198-8f91-7ca539222568;CRW;KCRW;Yeager Airport;Charleston, West Virginia;USA
d97c4ec2-33e6-46a9-b30c-8508b481d418;CSG;KCSG;Columbus Metropolitan Airport;Columbus, Georgia;USA
b1837dee-c330-4fae-980d-9ff41cbf712a;CVG;KCVG;Cincinnati/Northern Kentucky Intl Airport;Covington, Kentucky;USA
dc793c6f-4144-4fd1-a8cb-2115c541b1c9;CVX;KCVX;Charlevoix Municipal Airport;Charlevoix, Michigan;USA
d4df90c3-d900-4740-84e2-1921c36a69b1;CWA;KCWA;Central Wisconsin Airport;Mosinee, Wisconsin;USA
4d8fac2a-bdec-4fb2-8a41-d21584530bf3;CYS;KCYS;Cheyenne Regional Airport (Jerry Olson Field);Cheyenne, Wyoming;USA
9cae52c1-9b98-45d8-8063-c19fe2406ccf;DAB;KDAB;Daytona Beach Intl Airport;Daytona Beach, Florida;USA
529a30e3-bd28-48c4-8563-1c9cac24821d;DAL;KDAL;Dallas Love Field;Dallas, Texas;USA
35831721-14c7-45a7-afe4-5785d7807e7c;DAY;KDAY;James M. Cox Dayton Intl Airport;Dayton, Ohio;USA
9b3dcde5-521e-4b90-b9db-d91ef2e1955e;DBQ;KDBQ;Dubuque Regional Airport;Dubuque, Iowa;USA
47686e6b-33f7-4f32-8790-6681973ba9d6;DCA;KDCA;Ronald Reagan Washington National Airport;Arlington (Washington, D.C.), Virginia;USA
bdd54f5e-c240-45da-8038-dad3c72fc0a9;DEC;KDEC;Decatur Airport;Decatur, Illinois;USA
b1516fa5-c59f-47f8-97db-711bb44eff01;DEN;KDEN;Denver Intl Airport;Denver, Colorado;USA
ef4cf4b6-8da6-4a0e-8ce3-8987d8e451ca;DFW;KDFW;Dallas-Fort Worth Intl Airport;Dallas-Fort Worth, Texas;USA
aeeb6c19-20a7-4f09-ac5a-edfcf5cacd2c;DHN;KDHN;Dothan Regional Airport;Dothan, Alabama;USA
d7b82462-10ee-4fbf-a9b0-bf4462561704;DLG;PADL;Dillingham Airport;Dillingham, Alaska;USA
e74c013a-dce9-437b-9a30-a09648e0b998;DLH;KDLH;Duluth Intl Airport;Duluth, Minnesota;USA
c6632841-3d37-4475-be00-45f5028a6731;DRO;KDRO;Durango-La Plata County Airport;Durango, Colorado;USA
ae4a34a8-c5ab-494b-a533-2b6e87ec9f56;DSM;KDSM;Des Moines Intl Airport;Des Moines, Iowa;USA
f37d2d96-2ac9-4175-ab9e-37045ba27fe6;DTW;KDTW;Detroit Metropolitan Wayne County Airport;Detroit, Michigan;USA
1d316056-8fd6-4924-9dde-82653c573580;DUJ;KDUJ;DuBois-Jefferson County Airport;DuBois, Pennsylvania;USA
d1d62695-081d-4166-ac69-8e4cbf5f50fa;DUT;PADU;Unalaska Airport;Unalaska, Alaska;USA
c03a3e7a-3c36-4ba8-8760-94ffd9bc8695;EAT;KEAT;Pangborn Memorial Airport;Wenatchee, Washington;USA
6fa874d4-cb47-4bc9-818a-3f7c67e2d5aa;EAU;KEAU;Chippewa Valley Regional Airport;Eau Claire, Wisconsin;USA
3e5a9351-2542-4774-ab19-f43006e45769;EFD;KEFD;Ellington Field;Houston, Texas;USA
8a6da085-03a4-4bd1-a179-283f8585905f;EGE;KEGE;Eagle County Regional Airport;Eagle, Colorado;USA
f9736531-c2b6-4893-8ce6-5eb8dcb83652;EKO;KEKO;Elko Regional Airport (J.C. Harris Field);Elko, Nevada;USA
724b01ff-27be-4fab-8034-adcb08d0e622;ELM;KELM;Elmira/Corning Regional Airport;Elmira, New York;USA
af01ff7d-612a-4756-81be-daef5d512d21;ELP;KELP;El Paso Intl Airport;El Paso, Texas;USA
154b225a-16fb-4721-b087-35e7c708f225;ENA;PAEN;Kenai Municipal Airport;Kenai, Alaska;USA
d0de6504-c7d7-46bd-9571-a6050b4bcd33;ERI;KERI;Erie Intl Airport (Tom Ridge Field);Erie, Pennsylvania;USA
56b7c494-7c1f-4a00-be87-0aad4404b4d6;EUG;KEUG;Eugene Airport (Mahlon Sweet Field);Eugene, Oregon;USA
e604b4f1-84fe-4eab-b288-ef6494b8b9ea;EVV;KEVV;Evansville Regional Airport;Evansville , Indiana;USA
9970a05e-6b22-42b3-a7de-8c2f2c24133a;EWB;KEWB;New Bedford Regional Airport;New Bedford, Massachusetts;USA
043fe09e-0e56-4c20-b36f-cebf42bef64f;EWN;KEWN;Craven County Regional Airport;New Bern, North Carolina;USA
ed326cf3-9358-4027-8d78-99e4909d62c8;EWR;KEWR;Newark Liberty Intl Airport;Newark, New Jersey;USA
b7a4468f-9317-4607-9aa6-b2db697f4efe;EYW;KEYW;Key West Intl Airport;Key West, Florida;USA
abb894ec-075b-4761-a756-11cad71fb409;FAI;PAFA;Fairbanks Intl Airport;Fairbanks, Alaska;USA
0197b74c-c1d8-499c-a273-0f699c84f935;FAR;KFAR;Hector Intl Airport;Fargo, North Dakota;USA
6638b68f-0812-4cd1-92b1-71d5731fe8c0;FAT;KFAT;Fresno Yosemite Intl Airport;Fresno, California;USA
e01e2780-e74b-42e8-bbc9-1eff7c2ef471;FAY;KFAY;Fayetteville Regional Airport (Grannis Field);Fayetteville, North Carolina;USA
fb22a789-b6ed-4b47-aad6-9ae9c93df167;FHR;KFHR;Friday Harbor Airport;Friday Harbor, Washington;USA
d56fa258-564f-432a-8f6a-8f7fa92fba6e;FLG;KFLG;Flagstaff Pulliam Airport;Flagstaff, Arizona;USA
02d18572-1c37-4127-b293-ec4a7777f375;FLL;KFLL;Fort Lauderdale-Hollywood Intl Airport;Fort Lauderdale, Florida;USA
d508fe59-e46e-4394-b704-ae4be7909114;FLO;KFLO;Florence Regional Airport;Florence, South Carolina;USA
5a7649a5-f6b0-45fa-bbc7-798afbfe48bb;FMN;KFMN;Four Corners Regional Airport;Farmington, New Mexico;USA
94aa2404-af83-4a02-849c-8bc2a590c9dc;FNT;KFNT;Bishop Intl Airport;Flint, Michigan;USA
f63a2d18-6355-4f2a-9076-82c0b451cf7a;FOE;KFOE;Forbes Field;Topeka, Kansas;USA
385f0733-7f08-4093-9110-cb302772525b;FSD;KFSD;Sioux Falls Regional Airport (Joe Foss Field);Sioux Falls, South Dakota;USA
a8362425-d668-4b6f-8299-e048a5aecfd8;FSM;KFSM;Fort Smith Regional Airport;Fort Smith, Arkansas;USA
11b39c5f-0b6e-4133-9d9f-557e797a1789;FWA;KFWA;Fort Wayne Intl Airport;Fort Wayne, Indiana;USA
338a2429-d298-4e84-bbfb-d3d128a0bb93;GAL;PAGA;Edward G. Pitka Sr. Airport;Galena, Alaska;USA
dba7a4fb-c07c-41bb-9214-eb6b9ac1b3ee;GCC;KGCC;Gillette-Campbell County Airport;Gillette, Wyoming;USA
c388b4cf-e0ad-4d6b-894b-c2198aae2ee1;GCN;KGCN;Grand Canyon National Park Airport;Tusayan, Arizona;USA
5656ca6f-e8fe-40f5-8ce6-df233ce7341f;GEG;KGEG;Spokane Intl Airport (Geiger Field);Spokane, Washington;USA
3c984d8a-7237-44cb-8d25-6da52fd204f6;GFK;KGFK;Grand Forks Intl Airport;Grand Forks, North Dakota;USA
3ac3ce73-2cc6-4d67-8f9d-05a266ef8ebc;GGG;KGGG;East Texas Regional Airport;Longview, Texas;USA
551c393c-373c-41f3-bba9-dca9fd09a672;GJT;KGJT;Walker Field Airport;Grand Junction, Colorado;USA
f2eed4f6-711d-4a1b-8a81-3f4cc492d416;GNV;KGNV;Gainesville Regional Airport;Gainesville, Florida;USA
3a7a325e-c3c9-48ee-a1d1-58f1ad56710b;GPI;KGPI;Glacier Park Intl Airport;Kalispell, Montana;USA
276919fa-4fd5-40d8-ac1d-0cccea32926e;GPT;KGPT;Gulfport-Biloxi Intl Airport;Gulfport, Mississippi;USA
ee2bbbf4-466b-4b9e-8ca8-bb19899fec41;GRB;KGRB;Austin Straubel Intl Airport;Green Bay, Wisconsin;USA
0035065c-cdb7-47ed-ae74-c9b91c65c279;GRK;KGRK;Killeen-Fort Hood Regional Airport (R. Gray Army Airfield);Killeen, Texas;USA
476d89b9-b905-4565-9359-b36e31a1d664;GRR;KGRR;Gerald R. Ford Intl Airport;Grand Rapids, Michigan;USA
b74caf5c-638d-483c-ab89-3889424aaf73;GSO;KGSO;Piedmont Triad Intl Airport;Greensboro, North Carolina;USA
8236b586-b33a-4238-813e-37d052b3115f;GSP;KGSP;Greenville-Spartanburg Intl Airport;Greer, South Carolina;USA
af701349-c2e5-4cc9-a762-d4000a4d0bfe;GTF;KGTF;Great Falls Intl Airport;Great Falls, Montana;USA
f3b6a60f-0f88-4e19-b830-afb2e5337925;GTR;KGTR;Golden Triangle Regional Airport;Columbus, Mississippi;USA
6366f888-fb92-4223-842d-5a7e0ac2528e;GUC;KGUC;Gunnison-Crested Butte Regional Airport;Gunnison, Colorado;USA
c598e825-7a20-40d3-b07a-a50c68fb123c;HDN;KHDN;Yampa Valley Airport;Hayden, Colorado;USA
f4802975-369e-452c-be0c-e4e1002dbcc1;HGR;KHGR;Hagerstown Regional Airport (Richard A. Henson Field);Hagerstown, Maryland;USA
89a1a3b2-847e-4483-be0a-f61f151e0fbd;HLN;KHLN;Helena Regional Airport;Helena, Montana;USA
fb5fe886-5dcd-4fdb-9e29-e51b7dce0988;HNL;PHNL;Honolulu Intl Airport (Civil/Mil.);Honolulu, Hawaii;USA
fbd2b256-71d5-400f-b771-6ec443085493;HNM;PHHN;Hana Airport;Hana, Hawaii;USA
bb2ed363-f0ef-4dbc-a2bb-5adc15b1c32b;HOM;PAHO;Homer Airport;Homer, Alaska;USA
0508ba27-82db-45c4-be59-0df1b23cff9f;HOU;KHOU;William P. Hobby Airport;Houston, Texas;USA
e92428d8-7340-4aca-86cc-17cbf5b6b5f2;HPN;KHPN;Westchester County Airport;White Plains, New York;USA
daededfd-6c26-4c0d-ac93-cdab262004d0;HRL;KHRL;Valley Intl Airport;Harlingen, Texas;USA
a550fb33-db87-44ae-915b-930a022cd398;HSV;KHSV;Huntsville Intl Airport (Carl T. Jones Field);Huntsville, Alabama;USA
1f19255c-29a7-46b9-bff5-4963a9bd3f72;HTS;KHTS;Tri-State Airport (Milton J. Ferguson Field);Huntington, West Virginia;USA
7aa6b1cc-8b03-43c6-bb22-6702795c5589;HVN;KHVN;Tweed-New Haven Airport;New Haven, Connecticut;USA
61629269-9464-479c-92ba-92daefabfca7;HXD;KHXD;Hilton Head Airport;Hilton Head Island, South Carolina;USA
138477f2-ad81-4082-aa6f-e07793bb442d;HYA;KHYA;Barnstable Municipal Airport (Boardman/Polando Field);Hyannis, Massachusetts;USA
f331956f-c805-48ac-a7ef-81f9d7782357;IAD;KIAD;Washington Dulles Intl Airport;Chantilly (Washington, D.C.), Virginia;USA
1bd1cb66-a866-4613-9d93-16fbbd9e7cbc;IAH;KIAH;George Bush Intercontinental Airport;Houston, Texas;USA
29be26a2-0c78-4f82-96c9-31aca98fbc75;ICT;KICT;Wichita Mid-Continent Airport;Wichita, Kansas;USA
1262cfd5-a21c-4daa-9cd9-c7991298a236;IDA;KIDA;Idaho Falls Regional Airport (Fanning Field);Idaho Falls, Idaho;USA
7aab8f02-3e49-4046-bb57-65d7737ce010;IFP;KIFP;Laughlin/Bullhead Intl Airport;Bullhead City, Arizona;USA
8b0da7fe-dc61-4c2f-a812-8bee65698a35;ILM;KILM;Wilmington Intl Airport;Wilmington, North Carolina;USA
927bf1e5-79aa-43eb-a631-87b2d2c5e7b3;IND;KIND;Indianapolis Intl Airport;Indianapolis, Indiana;USA
63d9fcbb-191b-473f-8d30-8873c6464bd6;INL;KINL;Falls Intl Airport;Intl Falls, Minnesota;USA
4c19cd2a-bb76-4f5e-b887-723868c57ad1;IPL;KIPL;Imperial County Airport;Imperial, California;USA
c9e589e5-1e86-44d1-b384-711c3288897c;IPT;KIPT;Williamsport Regional Airport;Williamsport, Pennsylvania;USA
b74016a0-5963-4737-b69d-883e2ce5125f;ISP;KISP;Long Island MacArthur Airport;Islip, New York;USA
d81caf93-5aef-4c96-a3fa-f4e849d1b6cb;ITH;KITH;Ithaca Tompkins Regional Airport;Ithaca, New York;USA
51e3e4a4-c90b-491c-a540-5b5286f8ed2b;ITO;PHTO;Hilo Intl Airport;Hilo, Hawaii;USA
c2def9b8-f614-491f-b2f2-4f5b07414762;IYK;KIYK;Inyokern Airport;Inyokern, California;USA
c1652fe3-d893-4a73-88a1-07a0ae5b1437;JAC;KJAC;Jackson Hole Airport;Jackson, Wyoming;USA
4535c9ad-7bd7-453f-bd2b-112c9ba7f67c;JAN;KJAN;Jackson-Evers Intl Airport;Jackson, Mississippi;USA
b7b7eb91-de5d-440c-bbcb-f301409da57f;JAX;KJAX;Jacksonville Intl Airport;Jacksonville, Florida;USA
beecd00f-a5dd-49e3-8191-b7f66b520162;JFK;KJFK;John F. Kennedy Intl Airport;New York, New York;USA
3ae927af-37ad-4d7e-a868-ac13260f8ba7;JHW;KJHW;Chautauqua County/Jamestown Airport;Jamestown, New York;USA
899ccc32-10c3-4c67-b543-7818fbf33fa2;JLN;KJLN;Joplin Regional Airport;Joplin, Missouri;USA
d54510ff-5b85-46cb-a5b5-6ab629be99e9;JNU;PAJN;Juneau Intl Airport;Juneau, Alaska;USA
e940ac81-28f9-4c1a-a387-2557a724770b;JST;KJST;John Murtha Johnstown-Cambria County Airport;Johnstown, Pennsylvania;USA
7c178e8e-7a50-4604-a2ff-c75ac6e917fb;KOA;PHKO;Kona Intl Airport at Keahole;Kailua / Kona, Hawaii;USA
2ad749d5-fa41-428a-b0cd-4065be4e6a20;KTN;PAKT;Ketchikan Intl Airport;Ketchikan, Alaska;USA
bf4f4249-34e2-4426-936a-f12dbe2b0074;LAF;KLAF;Purdue University Airport;Lafayette, Indiana;USA
e652be30-6f40-48e7-b74f-d61849336518;LAN;KLAN;Capital City Airport;Lansing, Michigan;USA
248f1197-0287-4a55-9c25-848f987ee4ff;LAS;KLAS;McCarran Intl Airport;Las Vegas, Nevada;USA
6152dcee-f057-49f4-8e87-60c09f8d1490;LAW;KLAW;Lawton-Fort Sill Regional Airport;Lawton , Oklahoma;USA
591128bb-f3ab-4e87-9827-0ab0e3f1cd86;LAX;KLAX;Los Angeles Intl Airport;Los Angeles, California;USA
f3684683-ff8d-4c2c-a314-10b623890ef3;LBB;KLBB;Lubbock Preston Smith Intl Airport;Lubbock, Texas;USA
99cdd940-61dd-4e11-9dab-0df6653e89f3;LBE;KLBE;Arnold Palmer Regional Airport;Latrobe, Pennsylvania;USA
1e5378cc-2264-4760-8934-7ca255db34c4;LCH;KLCH;Lake Charles Regional Airport;Lake Charles, Louisiana;USA
1148a27b-ac21-4301-9a02-f9a5359d1f1b;LEX;KLEX;Blue Grass Airport;Lexington, Kentucky;USA
7b19a503-ccf4-4f18-9059-cdf4975ad2cd;LFT;KLFT;Lafayette Regional Airport;Lafayette, Louisiana;USA
5206e434-6294-453f-895d-cb3adc18b5f5;LGA;KLGA;LaGuardia Airport;New York, New York;USA
91152ee4-0f6e-4526-a800-a1b1250ec9d5;LGB;KLGB;Long Beach Municipal Airport (Daugherty Field);Long Beach, California;USA
1c6b379b-0faf-4670-8e18-564c642fbbf4;LHD;PALH;Lake Hood Seaplane Base;Anchorage, Alaska;USA
9257e9ff-7847-41ec-9b68-42f9563b3ce2;LIH;PHLI;Lihue Airport;Lihue, Hawaii;USA
47082b5e-3d58-40cf-8cd4-2c3456c30ac8;LIT;KLIT;Little Rock National Airport (Adams Field);Little Rock, Arkansas;USA
207baa38-3b80-4f97-a27c-9c5c1e2479d1;LMT;KLMT;Klamath Falls Airport (Kingsley Field);Klamath Falls, Oregon;USA
8110e39e-2182-4343-b1af-f78c8ff1d67a;LNK;KLNK;Lincoln Airport;Lincoln, Nebraska;USA
043a00e1-b7fe-4880-a41d-5682ae184e30;LNS;KLNS;Lancaster Airport;Lancaster, Pennsylvania;USA
dfc12d05-4e1f-4d98-9c35-f0452826392e;LNY;PHNY;Lanai Airport;Lanai City, Hawaii;USA
dbf52e31-0244-4924-9eaa-193d41970568;LRD;KLRD;Laredo Intl Airport;Laredo, Texas;USA
20a5531b-46fd-43d1-b576-55ab4fd1ace2;LSE;KLSE;La Crosse Municipal Airport;La Crosse, Wisconsin;USA
c1d4e1de-ae8a-40fd-9549-06e0e6a92155;LWS;KLWS;Lewiston-Nez Perce County Airport;Lewiston, Idaho;USA
aee77893-e4a4-4cef-b317-cc3a4540d8f3;LYH;KLYH;Lynchburg Regional Airport (Preston Glenn Field);Lynchburg, Virginia;USA
7455a1e7-dcbd-4e56-b075-a6b29a4a1623;MAF;KMAF;Midland Intl Airport;Midland, Texas;USA
7d62dffa-9143-41e9-b9fc-2bf1e0912387;MBS;KMBS;MBS Intl Airport;Saginaw, Michigan;USA
3a92a06e-4aa0-4917-a30b-3b4d8d78e7c8;MCI;KMCI;Kansas City Intl Airport;Kansas City, Missouri;USA
e44ffcd7-2a01-4b7c-a3b1-8eb8ec971863;MCN;KMCN;Middle Georgia Regional Airport;Macon, Georgia;USA
6e38cedf-23d9-4e5c-a48d-cd1de2bf6640;MCO;KMCO;Orlando Intl Airport;Orlando, Florida;USA
2fd9e3c6-d51f-4108-bedf-7dd83738a696;MCW;KMCW;Mason City Municipal Airport;Mason City, Iowa;USA
97e91fcb-2ff2-4cdd-be6d-76ecbaba3919;MDT;KMDT;Harrisburg Intl Airport;Harrisburg, Pennsylvania;USA
293fdc9d-ba8e-4a10-acd6-32d611fb3115;MDW;KMDW;Chicago Midway Intl Airport;Chicago, Illinois;USA
23a2692a-cbcd-4be7-a258-0fe12f56e957;MEI;KMEI;Meridian Regional Airport (Key Field);Meridian, Mississippi;USA
1e49bd2f-a3d6-4a0a-a2d7-fa0b6d087269;MEM;KMEM;Memphis Intl Airport;Memphis, Tennessee;USA
dc246b6e-5c79-4f48-a0c7-a968d343318b;MFE;KMFE;McAllen-Miller Intl Airport;McAllen,, Texas;USA
88a4a641-500e-411f-8e68-ad5313529341;MFR;KMFR;Rogue Valley Intl-Medford Airport;Medford, Oregon;USA
cb00e04a-d8e1-40c6-ac1f-ee58cbe38d54;MGM;KMGM;Montgomery Regional Airport (Dannelly Field);Montgomery, Alabama;USA
8f48c766-70ff-481e-a955-2c16995879b4;MGW;KMGW;Morgantown Municipal Airport (Walter L. Bill Hart Field);Morgantown, West Virginia;USA
e7275804-ac8b-43f3-a4a4-9a96f1607c46;MHK;KMHK;Manhattan Regional Airport;Manhattan, Kansas;USA
2e92039f-dcf0-47b6-b151-1c7447665870;MHT;KMHT;Manchester-Boston Regional Airport;Manchester, New Hampshire;USA
137d529d-a93f-4f9e-9d36-b531682bc568;MIA;KMIA;Miami Intl Airport;Miami, Florida;USA
d3f5ac02-7db0-4be9-b45f-80ec1ccb9582;MKE;KMKE;General Mitchell Intl Airport;Milwaukee, Wisconsin;USA
43cbffb5-3782-4ce3-b9f3-6795ecd7af11;MKG;KMKG;Muskegon County Airport;Muskegon, Michigan;USA
870d8ea3-1195-47c7-acc4-cefcf17fa597;MKK;PHMK;Molokai Airport;Kaunakakai, Hawaii;USA
704425f5-0ebf-48b1-b0b9-5f7fd402442f;MKT;KMKT;Mankato Regional Airport;Mankato, Minnesota;USA
aad0f610-0a12-4d8a-a381-5fb47ca767e7;MLB;KMLB;Melbourne Intl Airport;Melbourne, Florida;USA
1cefc87b-7cb8-4505-abac-73a0effb56ae;MLI;KMLI;Quad City Intl Airport;Moline, Illinois;USA
86a2b1ce-0793-4780-a282-96e466aa8fa1;MLU;KMLU;Monroe Regional Airport;Monroe, Louisiana;USA
2d10e9bf-600c-4a7a-92c4-1cc25d676d1c;MOB;KMOB;Mobile Regional Airport;Mobile, Alabama;USA
f70aa0f9-68a0-46d7-9dce-c5a1a3baee0d;MOD;KMOD;Modesto City-County Airport (Harry Sham Field);Modesto, California;USA
a49bdc91-c7b0-40e8-8409-e956b458fcd9;MOT;KMOT;Minot Intl Airport;Minot, North Dakota;USA
480187d0-94ca-47ed-9f56-37e4f722042a;MRI;PAMR;Merrill Field;Anchorage, Alaska;USA
7044d382-e01e-401f-be29-2283578392c2;MRY;KMRY;Monterey Peninsula Airport;Monterey, California;USA
aeed7103-6e02-4d25-910a-cc1262cd2c17;MSN;KMSN;Dane County Regional Airport (Truax Field);Madison, Wisconsin;USA
7a13089a-c9d2-4752-b0d4-83808ba8a5b3;MSO;KMSO;Missoula Intl Airport;Missoula, Montana;USA
9b27a987-dfb1-4279-869b-7142263b12ec;MSP;KMSP;Minneapolis-St. Paul Intl Airport;Minneapolis, Minnesota;USA
d8200a92-d2bc-4c08-a2d3-cf9402a4c1d0;MSY;KMSY;Louis Armstrong New Orleans Intl Airport;New Orleans, Louisiana;USA
c41d7797-7585-40e5-b090-aca1eaf1aa85;MTJ;KMTJ;Montrose Regional Airport;Montrose, Colorado;USA
1a299ccc-61a3-4c71-9bd4-b49b98a231f3;MVY;KMVY;Martha's Vineyard Airport;Vineyard Haven, Massachusetts;USA
a5e3819a-8e8c-42dc-9708-b7ca34be93fe;MWA;KMWA;Williamson County Regional Airport;Marion, Illinois;USA
7e78cfb5-cb80-4c88-b344-8d7fbb242d8a;MYR;KMYR;Myrtle Beach Intl Airport;Myrtle Beach, South Carolina;USA
665f98d4-0780-4120-8488-2ae4ba771661;OAJ;KOAJ;Albert J. Ellis Airport;Jacksonville, North Carolina;USA
bf8d6d46-cd73-45dc-94ad-3730f4326025;OAK;KOAK;Metropolitan Oakland Intl Airport;Oakland, California;USA
3946622f-ca21-43e6-b6e7-757df764de77;OGG;PHOG;Kahului Airport;Kahului, Hawaii;USA
bfdfd64f-b0ea-43b5-9151-3b0d3a1b0d9a;OKC;KOKC;Will Rogers World Airport;Oklahoma City, Oklahoma;USA
c5f1219b-6791-4f52-b0c1-4424af70b6d0;OMA;KOMA;Eppley Airfield;Omaha, Nebraska;USA
873fa6fa-e02b-46ca-a7c1-14ac2c4d6dae;OME;PAOM;Nome Airport;Nome, Alaska;USA
e178dc67-b63d-4043-beb3-4c06855c3391;ONT;KONT;Ontario Intl Airport;Ontario, California;USA
cdb1c6b2-e4f6-448a-877b-6e0462fc0317;ORD;KORD;Chicago O'Hare Intl Airport;Chicago, Illinois;USA
5515b90a-0c0c-48af-99c3-bb28e752702c;ORF;KORF;Norfolk Intl Airport;Norfolk, Virginia;USA
46a63e78-eacf-47f8-8a58-829a6142fedf;ORH;KORH;Worcester Regional Airport;Worcester, Massachusetts;USA
d67cd7af-8310-4667-892c-4c54c80204a8;OTH;KOTH;Southwest Oregon Regional Airport (was North Bend Municipal);North Bend, Oregon;USA
b1e89ece-aee0-4dae-8cb9-3a3c3bfa3d4c;OTZ;PAOT;Ralph Wien Memorial Airport;Kotzebue, Alaska;USA
ac81a73a-b7af-42fc-bc38-46f703b1bc5e;OXR;KOXR;Oxnard Airport;Oxnard, California;USA
77c068b1-f58b-4335-8101-c98d25d20347;PAH;KPAH;Barkley Regional Airport;Paducah, Kentucky;USA
0465fd28-5831-4644-8486-34d4b1135d1f;PBI;KPBI;Palm Beach Intl Airport;West Palm Beach, Florida;USA
6ff81918-c2de-48b5-980b-975597d66e2a;PCW;KPCW;Erie-Ottawa Regional Airport (Carl R. Keller Field);Port Clinton, Ohio;USA
4cd5aac6-c9c8-4910-a8fd-b746f1654978;PDT;KPDT;Eastern Oregon Regional Airport at Pendleton;Pendleton, Oregon;USA
1f610ed4-318c-45a6-ae47-cc29694af332;PDX;KPDX;Portland Intl Airport;Portland, Oregon;USA
eb5f35f3-73a2-466a-b3c9-1d7273ace223;PFN;KPFN;Panama City-Bay County Intl Airport;Panama City, Florida;USA
099c1939-a958-4b8d-9f06-c81a37c0b1db;PGA;KPGA;Page Municipal Airport;Page, Arizona;USA
048fb03c-f252-4bda-a2c5-31c55a233c75;PGV;KPGV;Pitt-Greenville Airport;Greenville, North Carolina;USA
083da7e7-f831-4855-8548-031efa4dd902;PHF;KPHF;Newport News/Williamsburg Intl Airport;Newport News, Virginia;USA
a0237870-c424-444d-a5df-db624eb2a828;PHL;KPHL;Philadelphia Intl Airport;Philadelphia, Pennsylvania;USA
5c6a1776-9c4a-4c5b-a525-d60752bd69da;PHX;KPHX;Phoenix Sky Harbor Intl Airport;Phoenix, Arizona;USA
3e89bd4a-b256-4752-b97e-012c91b3daa0;PIA;KPIA;Greater Peoria Regional Airport;Peoria, Illinois;USA
1401fa35-6a0d-4552-ac7b-1117ec4f55a6;PIB;KPIB;Hattiesburg-Laurel Regional Airport;Hattiesburg, Mississippi;USA
c2b0bdc5-df9f-450f-8987-b01acc584503;PIE;KPIE;St. Petersburg-Clearwater Intl Airport;St. Petersburg, Florida;USA
53f2ceae-48da-48ac-913a-357448d0f950;PIH;KPIH;Pocatello Regional Airport;Pocatello, Idaho;USA
f5ab71b2-a805-4e71-8c0f-c78235456e69;PIR;KPIR;Pierre Regional Airport;Pierre, South Dakota;USA
18ffb54e-8c05-4a6b-8835-e7cdc0dc7990;PIT;KPIT;Pittsburgh Intl Airport;Pittsburgh, Pennsylvania;USA
1a137d36-c837-4cee-b38c-3967252328cc;PKB;KPKB;Mid-Ohio Valley Regional Airport;Parkersburg, West Virginia;USA
a95b059e-9706-496c-93d0-b682b60a1b4a;PLN;KPLN;Pellston Regional Airport of Emmet County;Pellston, Michigan;USA
10ec3096-9f50-465f-aea5-c7a83746f952;PNS;KPNS;Pensacola Regional Airport;Pensacola, Florida;USA
f57c27b7-22af-4d98-845f-344f0f9e616e;PQI;KPQI;Northern Maine Regional Airport;Presque Isle, Maine;USA
e66d411c-9a2b-45eb-91c1-8e06dfd9bdc3;PSC;KPSC;Tri-Cities Airport;Pasco, Washington;USA
fac9d438-7d85-42b5-9577-3a1beebf256e;PSG;PAPG;Petersburg James A. Johnson Airport;Petersburg, Alaska;USA
26e1df4b-db9f-4df8-bc91-482a72dd0556;PSM;KPSM;Pease Intl Tradeport Airport;Portsmouth, New Hampshire;USA
211f93f1-7b10-4b27-bbab-f5458b632661;PSP;KPSP;Palm Springs Intl Airport;Palm Springs, California;USA
66b712dc-206e-4365-87c9-df58d1f8e140;PUW;KPUW;Pullman-Moscow Regional Airport;Pullman, Washington;USA
ee5ba2a8-4e29-4cf8-9e1a-f686b19c1261;PVC;KPVC;Provincetown Municipal Airport;Provincetown, Massachusetts;USA
734be017-e83a-4311-8349-67208b24ea0a;PVD;KPVD;Theodore Francis Green State Airport;Providence, Rhode Island;USA
720ff62e-318b-4401-befb-b6f9e12e73e3;PWM;KPWM;Portland Intl Jetport;Portland, Maine;USA
7ba62cfb-b097-4bff-9319-f2b232706c63;RAP;KRAP;Rapid City Regional Airport;Rapid City, South Dakota;USA
3c753248-5bce-4083-b977-d581a549f40b;RDD;KRDD;Redding Municipal Airport;Redding, California;USA
9ef3b217-b61d-425a-a1c3-0ae3d766d259;RDG;KRDG;Reading Regional Airport (Carl A. Spaatz Field);Reading, Pennsylvania;USA
9687e83e-68f2-4309-ac5a-06f2d636a3d7;RDM;KRDM;Redmond Municipal Airport (Roberts Field);Redmond, Oregon;USA
dd00fb11-2640-44c4-b66b-3812def74a84;RDU;KRDU;Raleigh-Durham Intl Airport;Raleigh, North Carolina;USA
888c52e8-d2a8-4869-83ce-a9be16da72c5;RHI;KRHI;Rhinelander-Oneida County Airport;Rhinelander, Wisconsin;USA
f7b27047-fee9-4abf-a3fa-6d361053fc37;RIC;KRIC;Richmond Intl Airport;Richmond, Virginia;USA
4516bbd5-5ed2-4172-a7f5-d81221dafd09;RIW;KRIW;Riverton Regional Airport;Riverton, Wyoming;USA
214cf375-ce02-4286-9d11-84c5b1dd3fc7;RKD;KRKD;Knox County Regional Airport;Rockland, Maine;USA
7d9f2b67-10c6-40f7-ab3a-4030f713d9ed;RNO;KRNO;Reno/Tahoe Intl Airport;Reno, Nevada;USA
a2d63a04-30a1-4496-943a-f8cc13b75f16;ROA;KROA;Roanoke Regional Airport (Woodrum Field);Roanoke, Virginia;USA
320051bd-4ddd-4f26-be39-2f8dc925639b;ROC;KROC;Greater Rochester Intl Airport;Rochester, New York;USA
631fb17a-6d91-4b66-9540-42a28874987a;RST;KRST;Rochester Intl Airport;Rochester, Minnesota;USA
565380f7-42ad-4248-936e-9f3750975916;RSW;KRSW;Southwest Florida Intl Airport;Fort Myers, Florida;USA
e4f1e5fa-623e-4764-84ac-9f950ca5a81f;SAF;KSAF;Santa Fe Municipal Airport;Santa Fe, New Mexico;USA
d561bbd7-a147-4c70-97b2-1649d73bc801;SAN;KSAN;San Diego Intl Airport;San Diego, California;USA
7f30275c-f379-46d4-a287-ead2d9e98023;SAT;KSAT;San Antonio Intl Airport;San Antonio, Texas;USA
7295a5c4-f506-445f-9dca-cdf06d7e121f;SAV;KSAV;Savannah/Hilton Head Intl Airport;Savannah, Georgia;USA
2c84df73-1b17-46b3-ba6f-6dfbb38d50cb;SBA;KSBA;Santa Barbara Municipal Airport;Santa Barbara, California;USA
f24925b7-2cb3-4ae6-ac0a-caccdce9f7a7;SBN;KSBN;South Bend Regional Airport;South Bend, Indiana;USA
784128d9-0c96-49a5-8d25-eb2cc6b30616;SBP;KSBP;San Luis Obispo County Regional Airport (McChesney Field);San Luis Obispo, California;USA
a6556f4b-4706-4d82-af8b-4b5664718091;SBY;KSBY;Salisbury-Ocean City Wicomico Regional Airport;Salisbury, Maryland;USA
5d7a734b-db9a-4a0b-a133-35eb3388879d;SCC;PASC;Deadhorse Airport;Deadhorse, Alaska;USA
1467b1f4-7759-44b1-8788-14eb7c4b9e44;SCK;KSCK;Stockton Metropolitan Airport;Stockton, California;USA
cb61b681-2cda-44b8-b115-bebb941573f3;SDF;KSDF;Louisville Intl Airport (Standiford Field);Louisville, Kentucky;USA
e0b22e07-ea44-4c8a-a8aa-e56cfa9fe846;SDY;KSDY;Sidney-Richland Municipal Airport;Sidney, Montana;USA
185dfbc3-3b3e-4591-82b3-e0baa08e57d3;SEA;KSEA;Seattle-Tacoma Intl Airport;Seattle-Tacoma, Washington;USA
f03a9cc7-3ef5-4830-bcad-30ed242eca76;SFB;KSFB;Orlando Sanford Intl Airport;Orlando, Florida;USA
8548b4dd-8ace-4462-bc7c-ca2a23d46899;SFO;KSFO;San Francisco Intl Airport;San Francisco, California;USA
d1ffe17b-0fea-479e-9d70-b1b329280b75;SGF;KSGF;Springfield-Branson Regional Airport;Springfield, Missouri;USA
f6d21b36-8be6-4cb3-bee8-54ef75cc9f8f;SGU;KSGU;St. George Municipal Airport;St. George, Utah;USA
9123d881-316d-4842-b5cf-48ea75feddbe;SHR;KSHR;Sheridan County Airport;Sheridan, Wyoming;USA
adb9a3cf-f11d-4d0e-9db9-1cf35767086a;SHV;KSHV;Shreveport Regional Airport;Shreveport, Louisiana;USA
fd35a8e5-1344-481e-802e-89dd094246ef;SIT;PASI;Sitka Rocky Gutierrez Airport;Sitka, Alaska;USA
a1c7f1e6-27d1-4902-91b0-8d83f8cd4acb;SJC;KSJC;Norman Y. Mineta San Jos;San Jose, California;USA
ede2a8e3-6cc7-473f-b0c2-3df14f776f83;SJT;KSJT;San Angelo Regional Airport (Mathis Field);San Angelo, Texas;USA
f1ae792c-48c1-4930-a002-fddcc1cbee77;SLC;KSLC;Salt Lake City Intl Airport;Salt Lake City, Utah;USA
298f9648-6cc9-4917-b0c0-d66fb50f470b;SMF;KSMF;Sacramento Intl Airport;Sacramento, California;USA
7b64745a-df26-4249-8eb9-53d984ef9173;SMX;KSMX;Santa Maria Public Airport (Capt G. Allan Hancock Field);Santa Maria, California;USA
25077970-2b9a-40ec-a1fd-0e5119cff37f;SNA;KSNA;John Wayne Airport;Santa Ana, California;USA
9102f8f9-fa0b-4218-9ed9-eb9cae4deec8;SPI;KSPI;Abraham Lincoln Capital Airport;Springfield, Illinois;USA
4e8cde71-fc7d-40e7-851a-eef8a2f4bee9;SPS;KSPS;Wichita Falls Municipal Airport / Sheppard Air Force Base;Wichita Falls, Texas;USA
8ded7476-8dff-4ef7-9ef8-619fe311ea86;SRQ;KSRQ;Sarasota-Bradenton Intl Airport;Sarasota / Bradenton, Florida;USA
5e8f79b7-7323-4ce1-8a7e-e71fe5a2a5df;STC;KSTC;St. Cloud Regional Airport;St. Cloud, Minnesota;USA
f100c343-2478-4850-86fb-2e7c47f1ce59;STL;KSTL;Lambert-St. Louis Intl Airport;St. Louis, Missouri;USA
34ae0dfb-e496-4d56-bceb-5ff868f67fa4;SUN;KSUN;Friedman Memorial Airport;Hailey, Idaho;USA
4d90a226-e845-4ca3-a680-86d9b7e5dcfc;SUX;KSUX;Sioux Gateway Airport (Col. Bud Day Field);Sioux City, Iowa;USA
7e521fa2-d6ad-497e-9526-023c3d0414e1;SWF;KSWF;Stewart Intl Airport;Newburgh, New York;USA
a270209b-17ed-47fa-aeb2-e0180240cbdb;SYR;KSYR;Syracuse Hancock Intl Airport;Syracuse, New York;USA
30959d53-e60b-4724-aead-0aef836689d5;TEX;KTEX;Telluride Regional Airport;Telluride, Colorado;USA
9c5e9c32-2207-421a-b1ad-3956e9fd27e5;TLH;KTLH;Tallahassee Regional Airport;Tallahassee, Florida;USA
92111798-c535-401a-8dcf-d69a0a4e163c;TOL;KTOL;Toledo Express Airport;Toledo, Ohio;USA
be0c84eb-7794-44cf-b04e-3d00571b8445;TPA;KTPA;Tampa Intl Airport;Tampa, Florida;USA
d404e70f-1e28-4360-be64-9caf667376a7;TRI;KTRI;Tri-Cities Regional Airport;Tri-Cities, Tennessee;USA
da383293-3ef2-4181-bd26-c9233aa54b98;TTN;KTTN;Trenton-Mercer Airport;Trenton, New Jersey;USA
85d55f25-6b39-4ab6-8b32-4398a6aba9ff;TUL;KTUL;Tulsa Intl Airport;Tulsa, Oklahoma;USA
95cd178d-45a9-4556-abd0-38916553b589;TUP;KTUP;Tupelo Regional Airport (C.D. Lemons Field);Tupelo, Mississippi;USA
0fda9d40-9c99-48bd-b7bb-bc7e205325bf;TUS;KTUS;Tucson Intl Airport;Tucson, Arizona;USA
623ff810-0b08-4ce6-800e-e1ee571732e7;TVC;KTVC;Cherry Capital Airport;Traverse City, Michigan;USA
64e5bc87-679b-49ca-b014-6144aa70db77;TWF;KTWF;Magic Valley Regional Airport (Joslin Field);Twin Falls, Idaho;USA
f1d5a577-3f30-4c64-a045-413d6a253950;TXK;KTXK;Texarkana Regional Airport (Webb Field);Texarkana, Arkansas;USA
7d25844b-9c57-47f9-bf7f-493344256ac6;TYR;KTYR;Tyler Pounds Regional Airport;Tyler, Texas;USA
f21ebb6b-d7a3-47be-a181-ebce0d4b3027;TYS;KTYS;McGhee Tyson Airport;Knoxville, Tennessee;USA
27367f09-a73b-46ff-b584-8f01aa79fc93;UIN;KUIN;Quincy Regional Airport (Baldwin Field);Quincy, Illinois;USA
c5c71f66-ec5d-4a76-bd6a-65a4a62ec5ed;UNV;KUNV;University Park Airport;State College, Pennsylvania;USA
f9480a5e-fdbd-4c65-936e-3528814bd862;VCT;KVCT;Victoria Regional Airport;Victoria, Texas;USA
c72beaa7-1152-4c48-bf23-9fffa03ea03b;VCV;KVCV;Southern California Logistics Airport;Victorville, California;USA
ae078fe4-0b10-431f-9fef-14f15216c3c5;VDZ;PAVD;Valdez Airport (Pioneer Field);Valdez, Alaska;USA
c86c0de4-3236-4f16-a17b-27a6e163aac3;VGT;KVGT;North Las Vegas Airport;Las Vegas, Nevada;USA
d29a2a6f-74e3-4948-8748-349576da90a7;VLD;KVLD;Valdosta Regional Airport;Valdosta, Georgia;USA
8aa108db-228e-4f67-8c36-c24a2e9d8f30;VPS;KVPS;Okaloosa Regional Airport / Eglin Air Force Base;Valparaiso, Florida;USA
a84f5314-ffb5-4bc2-b67c-ae223efd41a0;XNA;KXNA;Northwest Arkansas Regional Airport;Fayetteville, Arkansas;USA
28b889f3-f6de-40f8-bd14-17f4fb009318;YAK;PAYA;Yakutat Airport;Yakutat, Alaska;USA
e5ccb81e-1f20-4dfd-b4ff-e18e075c212c;YKM;KYKM;Yakima Air Terminal (McAllister Field);Yakima, Washington;USA
e88dcefd-08a1-4a6a-9929-db0c99871657;YUM;KYUM;Yuma Intl Airport / MCAS Yuma;Yuma, Arizona;USA